Campaign,Ad Group,Keyword,Match Type
PHAORA - Masonry - MetroWest,Weston - Masonry,"""masonry weston ma""",Phrase
PHAORA - Masonry - MetroWest,Weston - Masonry,"""masonry in weston""",Phrase
PHAORA - Masonry - MetroWest,Weston - Masonry,"""mason weston ma""",Phrase
PHAORA - Masonry - MetroWest,Weston - Masonry,"""mason in weston""",Phrase
PHAORA - Masonry - MetroWest,Weston - Masonry,"""masonry contractor weston ma""",Phrase
PHAORA - Masonry - MetroWest,Weston - Masonry,"""masonry contractor in weston""",Phrase
PHAORA - Masonry - MetroWest,Weston - Masonry,"""stone mason weston ma""",Phrase
PHAORA - Masonry - MetroWest,Weston - Masonry,"""stone mason in weston""",Phrase
PHAORA - Masonry - MetroWest,Weston - Masonry,"""patio builder weston ma""",Phrase
PHAORA - Masonry - MetroWest,Weston - Masonry,"""patio builder in weston""",Phrase
PHAORA - Masonry - MetroWest,Weston - Masonry,"""paver patio weston ma""",Phrase
PHAORA - Masonry - MetroWest,Weston - Masonry,"""paver patio in weston""",Phrase
PHAORA - Masonry - MetroWest,Weston - Masonry,"""walkway weston ma""",Phrase
PHAORA - Masonry - MetroWest,Weston - Masonry,"""walkway in weston""",Phrase
PHAORA - Masonry - MetroWest,Weston - Masonry,"""retaining wall weston ma""",Phrase
PHAORA - Masonry - MetroWest,Weston - Masonry,"""retaining wall in weston""",Phrase
PHAORA - Masonry - MetroWest,Weston - Masonry,"""stone veneer weston ma""",Phrase
PHAORA - Masonry - MetroWest,Weston - Masonry,"""stone veneer in weston""",Phrase
PHAORA - Masonry - MetroWest,Weston - Masonry,"""stone steps weston ma""",Phrase
PHAORA - Masonry - MetroWest,Weston - Masonry,"""stone steps in weston""",Phrase
PHAORA - Masonry - MetroWest,Weston - Masonry,"""chimney repair weston ma""",Phrase
PHAORA - Masonry - MetroWest,Weston - Masonry,"""chimney repair in weston""",Phrase
PHAORA - Masonry - MetroWest,Weston - Masonry,"""hardscaping weston ma""",Phrase
PHAORA - Masonry - MetroWest,Weston - Masonry,"""hardscaping in weston""",Phrase
PHAORA - Masonry - MetroWest,Weston - Masonry,[weston ma masonry contractor],Exact
PHAORA - Masonry - MetroWest,Weston - Masonry,[masonry contractor weston ma],Exact
PHAORA - Masonry - MetroWest,Wellesley - Masonry,"""masonry wellesley ma""",Phrase
PHAORA - Masonry - MetroWest,Wellesley - Masonry,"""masonry in wellesley""",Phrase
PHAORA - Masonry - MetroWest,Wellesley - Masonry,"""mason wellesley ma""",Phrase
PHAORA - Masonry - MetroWest,Wellesley - Masonry,"""mason in wellesley""",Phrase
PHAORA - Masonry - MetroWest,Wellesley - Masonry,"""masonry contractor wellesley ma""",Phrase
PHAORA - Masonry - MetroWest,Wellesley - Masonry,"""masonry contractor in wellesley""",Phrase
PHAORA - Masonry - MetroWest,Wellesley - Masonry,"""stone mason wellesley ma""",Phrase
PHAORA - Masonry - MetroWest,Wellesley - Masonry,"""stone mason in wellesley""",Phrase
PHAORA - Masonry - MetroWest,Wellesley - Masonry,"""patio builder wellesley ma""",Phrase
PHAORA - Masonry - MetroWest,Wellesley - Masonry,"""patio builder in wellesley""",Phrase
PHAORA - Masonry - MetroWest,Wellesley - Masonry,"""paver patio wellesley ma""",Phrase
PHAORA - Masonry - MetroWest,Wellesley - Masonry,"""paver patio in wellesley""",Phrase
PHAORA - Masonry - MetroWest,Wellesley - Masonry,"""walkway wellesley ma""",Phrase
PHAORA - Masonry - MetroWest,Wellesley - Masonry,"""walkway in wellesley""",Phrase
PHAORA - Masonry - MetroWest,Wellesley - Masonry,"""retaining wall wellesley ma""",Phrase
PHAORA - Masonry - MetroWest,Wellesley - Masonry,"""retaining wall in wellesley""",Phrase
PHAORA - Masonry - MetroWest,Wellesley - Masonry,"""stone veneer wellesley ma""",Phrase
PHAORA - Masonry - MetroWest,Wellesley - Masonry,"""stone veneer in wellesley""",Phrase
PHAORA - Masonry - MetroWest,Wellesley - Masonry,"""stone steps wellesley ma""",Phrase
PHAORA - Masonry - MetroWest,Wellesley - Masonry,"""stone steps in wellesley""",Phrase
PHAORA - Masonry - MetroWest,Wellesley - Masonry,"""chimney repair wellesley ma""",Phrase
PHAORA - Masonry - MetroWest,Wellesley - Masonry,"""chimney repair in wellesley""",Phrase
PHAORA - Masonry - MetroWest,Wellesley - Masonry,"""hardscaping wellesley ma""",Phrase
PHAORA - Masonry - MetroWest,Wellesley - Masonry,"""hardscaping in wellesley""",Phrase
PHAORA - Masonry - MetroWest,Wellesley - Masonry,[wellesley ma masonry contractor],Exact
PHAORA - Masonry - MetroWest,Wellesley - Masonry,[masonry contractor wellesley ma],Exact
PHAORA - Masonry - MetroWest,Sudbury - Masonry,"""masonry sudbury ma""",Phrase
PHAORA - Masonry - MetroWest,Sudbury - Masonry,"""masonry in sudbury""",Phrase
PHAORA - Masonry - MetroWest,Sudbury - Masonry,"""mason sudbury ma""",Phrase
PHAORA - Masonry - MetroWest,Sudbury - Masonry,"""mason in sudbury""",Phrase
PHAORA - Masonry - MetroWest,Sudbury - Masonry,"""masonry contractor sudbury ma""",Phrase
PHAORA - Masonry - MetroWest,Sudbury - Masonry,"""masonry contractor in sudbury""",Phrase
PHAORA - Masonry - MetroWest,Sudbury - Masonry,"""stone mason sudbury ma""",Phrase
PHAORA - Masonry - MetroWest,Sudbury - Masonry,"""stone mason in sudbury""",Phrase
PHAORA - Masonry - MetroWest,Sudbury - Masonry,"""patio builder sudbury ma""",Phrase
PHAORA - Masonry - MetroWest,Sudbury - Masonry,"""patio builder in sudbury""",Phrase
PHAORA - Masonry - MetroWest,Sudbury - Masonry,"""paver patio sudbury ma""",Phrase
PHAORA - Masonry - MetroWest,Sudbury - Masonry,"""paver patio in sudbury""",Phrase
PHAORA - Masonry - MetroWest,Sudbury - Masonry,"""walkway sudbury ma""",Phrase
PHAORA - Masonry - MetroWest,Sudbury - Masonry,"""walkway in sudbury""",Phrase
PHAORA - Masonry - MetroWest,Sudbury - Masonry,"""retaining wall sudbury ma""",Phrase
PHAORA - Masonry - MetroWest,Sudbury - Masonry,"""retaining wall in sudbury""",Phrase
PHAORA - Masonry - MetroWest,Sudbury - Masonry,"""stone veneer sudbury ma""",Phrase
PHAORA - Masonry - MetroWest,Sudbury - Masonry,"""stone veneer in sudbury""",Phrase
PHAORA - Masonry - MetroWest,Sudbury - Masonry,"""stone steps sudbury ma""",Phrase
PHAORA - Masonry - MetroWest,Sudbury - Masonry,"""stone steps in sudbury""",Phrase
PHAORA - Masonry - MetroWest,Sudbury - Masonry,"""chimney repair sudbury ma""",Phrase
PHAORA - Masonry - MetroWest,Sudbury - Masonry,"""chimney repair in sudbury""",Phrase
PHAORA - Masonry - MetroWest,Sudbury - Masonry,"""hardscaping sudbury ma""",Phrase
PHAORA - Masonry - MetroWest,Sudbury - Masonry,"""hardscaping in sudbury""",Phrase
PHAORA - Masonry - MetroWest,Sudbury - Masonry,[sudbury ma masonry contractor],Exact
PHAORA - Masonry - MetroWest,Sudbury - Masonry,[masonry contractor sudbury ma],Exact
PHAORA - Masonry - MetroWest,Wayland - Masonry,"""masonry wayland ma""",Phrase
PHAORA - Masonry - MetroWest,Wayland - Masonry,"""masonry in wayland""",Phrase
PHAORA - Masonry - MetroWest,Wayland - Masonry,"""mason wayland ma""",Phrase
PHAORA - Masonry - MetroWest,Wayland - Masonry,"""mason in wayland""",Phrase
PHAORA - Masonry - MetroWest,Wayland - Masonry,"""masonry contractor wayland ma""",Phrase
PHAORA - Masonry - MetroWest,Wayland - Masonry,"""masonry contractor in wayland""",Phrase
PHAORA - Masonry - MetroWest,Wayland - Masonry,"""stone mason wayland ma""",Phrase
PHAORA - Masonry - MetroWest,Wayland - Masonry,"""stone mason in wayland""",Phrase
PHAORA - Masonry - MetroWest,Wayland - Masonry,"""patio builder wayland ma""",Phrase
PHAORA - Masonry - MetroWest,Wayland - Masonry,"""patio builder in wayland""",Phrase
PHAORA - Masonry - MetroWest,Wayland - Masonry,"""paver patio wayland ma""",Phrase
PHAORA - Masonry - MetroWest,Wayland - Masonry,"""paver patio in wayland""",Phrase
PHAORA - Masonry - MetroWest,Wayland - Masonry,"""walkway wayland ma""",Phrase
PHAORA - Masonry - MetroWest,Wayland - Masonry,"""walkway in wayland""",Phrase
PHAORA - Masonry - MetroWest,Wayland - Masonry,"""retaining wall wayland ma""",Phrase
PHAORA - Masonry - MetroWest,Wayland - Masonry,"""retaining wall in wayland""",Phrase
PHAORA - Masonry - MetroWest,Wayland - Masonry,"""stone veneer wayland ma""",Phrase
PHAORA - Masonry - MetroWest,Wayland - Masonry,"""stone veneer in wayland""",Phrase
PHAORA - Masonry - MetroWest,Wayland - Masonry,"""stone steps wayland ma""",Phrase
PHAORA - Masonry - MetroWest,Wayland - Masonry,"""stone steps in wayland""",Phrase
PHAORA - Masonry - MetroWest,Wayland - Masonry,"""chimney repair wayland ma""",Phrase
PHAORA - Masonry - MetroWest,Wayland - Masonry,"""chimney repair in wayland""",Phrase
PHAORA - Masonry - MetroWest,Wayland - Masonry,"""hardscaping wayland ma""",Phrase
PHAORA - Masonry - MetroWest,Wayland - Masonry,"""hardscaping in wayland""",Phrase
PHAORA - Masonry - MetroWest,Wayland - Masonry,[wayland ma masonry contractor],Exact
PHAORA - Masonry - MetroWest,Wayland - Masonry,[masonry contractor wayland ma],Exact
PHAORA - Masonry - MetroWest,Concord - Masonry,"""masonry concord ma""",Phrase
PHAORA - Masonry - MetroWest,Concord - Masonry,"""masonry in concord""",Phrase
PHAORA - Masonry - MetroWest,Concord - Masonry,"""mason concord ma""",Phrase
PHAORA - Masonry - MetroWest,Concord - Masonry,"""mason in concord""",Phrase
PHAORA - Masonry - MetroWest,Concord - Masonry,"""masonry contractor concord ma""",Phrase
PHAORA - Masonry - MetroWest,Concord - Masonry,"""masonry contractor in concord""",Phrase
PHAORA - Masonry - MetroWest,Concord - Masonry,"""stone mason concord ma""",Phrase
PHAORA - Masonry - MetroWest,Concord - Masonry,"""stone mason in concord""",Phrase
PHAORA - Masonry - MetroWest,Concord - Masonry,"""patio builder concord ma""",Phrase
PHAORA - Masonry - MetroWest,Concord - Masonry,"""patio builder in concord""",Phrase
PHAORA - Masonry - MetroWest,Concord - Masonry,"""paver patio concord ma""",Phrase
PHAORA - Masonry - MetroWest,Concord - Masonry,"""paver patio in concord""",Phrase
PHAORA - Masonry - MetroWest,Concord - Masonry,"""walkway concord ma""",Phrase
PHAORA - Masonry - MetroWest,Concord - Masonry,"""walkway in concord""",Phrase
PHAORA - Masonry - MetroWest,Concord - Masonry,"""retaining wall concord ma""",Phrase
PHAORA - Masonry - MetroWest,Concord - Masonry,"""retaining wall in concord""",Phrase
PHAORA - Masonry - MetroWest,Concord - Masonry,"""stone veneer concord ma""",Phrase
PHAORA - Masonry - MetroWest,Concord - Masonry,"""stone veneer in concord""",Phrase
PHAORA - Masonry - MetroWest,Concord - Masonry,"""stone steps concord ma""",Phrase
PHAORA - Masonry - MetroWest,Concord - Masonry,"""stone steps in concord""",Phrase
PHAORA - Masonry - MetroWest,Concord - Masonry,"""chimney repair concord ma""",Phrase
PHAORA - Masonry - MetroWest,Concord - Masonry,"""chimney repair in concord""",Phrase
PHAORA - Masonry - MetroWest,Concord - Masonry,"""hardscaping concord ma""",Phrase
PHAORA - Masonry - MetroWest,Concord - Masonry,"""hardscaping in concord""",Phrase
PHAORA - Masonry - MetroWest,Concord - Masonry,[concord ma masonry contractor],Exact
PHAORA - Masonry - MetroWest,Concord - Masonry,[masonry contractor concord ma],Exact
PHAORA - Masonry - MetroWest,Lincoln - Masonry,"""masonry lincoln ma""",Phrase
PHAORA - Masonry - MetroWest,Lincoln - Masonry,"""masonry in lincoln""",Phrase
PHAORA - Masonry - MetroWest,Lincoln - Masonry,"""mason lincoln ma""",Phrase
PHAORA - Masonry - MetroWest,Lincoln - Masonry,"""mason in lincoln""",Phrase
PHAORA - Masonry - MetroWest,Lincoln - Masonry,"""masonry contractor lincoln ma""",Phrase
PHAORA - Masonry - MetroWest,Lincoln - Masonry,"""masonry contractor in lincoln""",Phrase
PHAORA - Masonry - MetroWest,Lincoln - Masonry,"""stone mason lincoln ma""",Phrase
PHAORA - Masonry - MetroWest,Lincoln - Masonry,"""stone mason in lincoln""",Phrase
PHAORA - Masonry - MetroWest,Lincoln - Masonry,"""patio builder lincoln ma""",Phrase
PHAORA - Masonry - MetroWest,Lincoln - Masonry,"""patio builder in lincoln""",Phrase
PHAORA - Masonry - MetroWest,Lincoln - Masonry,"""paver patio lincoln ma""",Phrase
PHAORA - Masonry - MetroWest,Lincoln - Masonry,"""paver patio in lincoln""",Phrase
PHAORA - Masonry - MetroWest,Lincoln - Masonry,"""walkway lincoln ma""",Phrase
PHAORA - Masonry - MetroWest,Lincoln - Masonry,"""walkway in lincoln""",Phrase
PHAORA - Masonry - MetroWest,Lincoln - Masonry,"""retaining wall lincoln ma""",Phrase
PHAORA - Masonry - MetroWest,Lincoln - Masonry,"""retaining wall in lincoln""",Phrase
PHAORA - Masonry - MetroWest,Lincoln - Masonry,"""stone veneer lincoln ma""",Phrase
PHAORA - Masonry - MetroWest,Lincoln - Masonry,"""stone veneer in lincoln""",Phrase
PHAORA - Masonry - MetroWest,Lincoln - Masonry,"""stone steps lincoln ma""",Phrase
PHAORA - Masonry - MetroWest,Lincoln - Masonry,"""stone steps in lincoln""",Phrase
PHAORA - Masonry - MetroWest,Lincoln - Masonry,"""chimney repair lincoln ma""",Phrase
PHAORA - Masonry - MetroWest,Lincoln - Masonry,"""chimney repair in lincoln""",Phrase
PHAORA - Masonry - MetroWest,Lincoln - Masonry,"""hardscaping lincoln ma""",Phrase
PHAORA - Masonry - MetroWest,Lincoln - Masonry,"""hardscaping in lincoln""",Phrase
PHAORA - Masonry - MetroWest,Lincoln - Masonry,[lincoln ma masonry contractor],Exact
PHAORA - Masonry - MetroWest,Lincoln - Masonry,[masonry contractor lincoln ma],Exact
PHAORA - Masonry - MetroWest,Lexington - Masonry,"""masonry lexington ma""",Phrase
PHAORA - Masonry - MetroWest,Lexington - Masonry,"""masonry in lexington""",Phrase
PHAORA - Masonry - MetroWest,Lexington - Masonry,"""mason lexington ma""",Phrase
PHAORA - Masonry - MetroWest,Lexington - Masonry,"""mason in lexington""",Phrase
PHAORA - Masonry - MetroWest,Lexington - Masonry,"""masonry contractor lexington ma""",Phrase
PHAORA - Masonry - MetroWest,Lexington - Masonry,"""masonry contractor in lexington""",Phrase
PHAORA - Masonry - MetroWest,Lexington - Masonry,"""stone mason lexington ma""",Phrase
PHAORA - Masonry - MetroWest,Lexington - Masonry,"""stone mason in lexington""",Phrase
PHAORA - Masonry - MetroWest,Lexington - Masonry,"""patio builder lexington ma""",Phrase
PHAORA - Masonry - MetroWest,Lexington - Masonry,"""patio builder in lexington""",Phrase
PHAORA - Masonry - MetroWest,Lexington - Masonry,"""paver patio lexington ma""",Phrase
PHAORA - Masonry - MetroWest,Lexington - Masonry,"""paver patio in lexington""",Phrase
PHAORA - Masonry - MetroWest,Lexington - Masonry,"""walkway lexington ma""",Phrase
PHAORA - Masonry - MetroWest,Lexington - Masonry,"""walkway in lexington""",Phrase
PHAORA - Masonry - MetroWest,Lexington - Masonry,"""retaining wall lexington ma""",Phrase
PHAORA - Masonry - MetroWest,Lexington - Masonry,"""retaining wall in lexington""",Phrase
PHAORA - Masonry - MetroWest,Lexington - Masonry,"""stone veneer lexington ma""",Phrase
PHAORA - Masonry - MetroWest,Lexington - Masonry,"""stone veneer in lexington""",Phrase
PHAORA - Masonry - MetroWest,Lexington - Masonry,"""stone steps lexington ma""",Phrase
PHAORA - Masonry - MetroWest,Lexington - Masonry,"""stone steps in lexington""",Phrase
PHAORA - Masonry - MetroWest,Lexington - Masonry,"""chimney repair lexington ma""",Phrase
PHAORA - Masonry - MetroWest,Lexington - Masonry,"""chimney repair in lexington""",Phrase
PHAORA - Masonry - MetroWest,Lexington - Masonry,"""hardscaping lexington ma""",Phrase
PHAORA - Masonry - MetroWest,Lexington - Masonry,"""hardscaping in lexington""",Phrase
PHAORA - Masonry - MetroWest,Lexington - Masonry,[lexington ma masonry contractor],Exact
PHAORA - Masonry - MetroWest,Lexington - Masonry,[masonry contractor lexington ma],Exact
PHAORA - Masonry - MetroWest,Newton - Masonry,"""masonry newton ma""",Phrase
PHAORA - Masonry - MetroWest,Newton - Masonry,"""masonry in newton""",Phrase
PHAORA - Masonry - MetroWest,Newton - Masonry,"""mason newton ma""",Phrase
PHAORA - Masonry - MetroWest,Newton - Masonry,"""mason in newton""",Phrase
PHAORA - Masonry - MetroWest,Newton - Masonry,"""masonry contractor newton ma""",Phrase
PHAORA - Masonry - MetroWest,Newton - Masonry,"""masonry contractor in newton""",Phrase
PHAORA - Masonry - MetroWest,Newton - Masonry,"""stone mason newton ma""",Phrase
PHAORA - Masonry - MetroWest,Newton - Masonry,"""stone mason in newton""",Phrase
PHAORA - Masonry - MetroWest,Newton - Masonry,"""patio builder newton ma""",Phrase
PHAORA - Masonry - MetroWest,Newton - Masonry,"""patio builder in newton""",Phrase
PHAORA - Masonry - MetroWest,Newton - Masonry,"""paver patio newton ma""",Phrase
PHAORA - Masonry - MetroWest,Newton - Masonry,"""paver patio in newton""",Phrase
PHAORA - Masonry - MetroWest,Newton - Masonry,"""walkway newton ma""",Phrase
PHAORA - Masonry - MetroWest,Newton - Masonry,"""walkway in newton""",Phrase
PHAORA - Masonry - MetroWest,Newton - Masonry,"""retaining wall newton ma""",Phrase
PHAORA - Masonry - MetroWest,Newton - Masonry,"""retaining wall in newton""",Phrase
PHAORA - Masonry - MetroWest,Newton - Masonry,"""stone veneer newton ma""",Phrase
PHAORA - Masonry - MetroWest,Newton - Masonry,"""stone veneer in newton""",Phrase
PHAORA - Masonry - MetroWest,Newton - Masonry,"""stone steps newton ma""",Phrase
PHAORA - Masonry - MetroWest,Newton - Masonry,"""stone steps in newton""",Phrase
PHAORA - Masonry - MetroWest,Newton - Masonry,"""chimney repair newton ma""",Phrase
PHAORA - Masonry - MetroWest,Newton - Masonry,"""chimney repair in newton""",Phrase
PHAORA - Masonry - MetroWest,Newton - Masonry,"""hardscaping newton ma""",Phrase
PHAORA - Masonry - MetroWest,Newton - Masonry,"""hardscaping in newton""",Phrase
PHAORA - Masonry - MetroWest,Newton - Masonry,[newton ma masonry contractor],Exact
PHAORA - Masonry - MetroWest,Newton - Masonry,[masonry contractor newton ma],Exact
PHAORA - Masonry - MetroWest,Dover - Masonry,"""masonry dover ma""",Phrase
PHAORA - Masonry - MetroWest,Dover - Masonry,"""masonry in dover""",Phrase
PHAORA - Masonry - MetroWest,Dover - Masonry,"""mason dover ma""",Phrase
PHAORA - Masonry - MetroWest,Dover - Masonry,"""mason in dover""",Phrase
PHAORA - Masonry - MetroWest,Dover - Masonry,"""masonry contractor dover ma""",Phrase
PHAORA - Masonry - MetroWest,Dover - Masonry,"""masonry contractor in dover""",Phrase
PHAORA - Masonry - MetroWest,Dover - Masonry,"""stone mason dover ma""",Phrase
PHAORA - Masonry - MetroWest,Dover - Masonry,"""stone mason in dover""",Phrase
PHAORA - Masonry - MetroWest,Dover - Masonry,"""patio builder dover ma""",Phrase
PHAORA - Masonry - MetroWest,Dover - Masonry,"""patio builder in dover""",Phrase
PHAORA - Masonry - MetroWest,Dover - Masonry,"""paver patio dover ma""",Phrase
PHAORA - Masonry - MetroWest,Dover - Masonry,"""paver patio in dover""",Phrase
PHAORA - Masonry - MetroWest,Dover - Masonry,"""walkway dover ma""",Phrase
PHAORA - Masonry - MetroWest,Dover - Masonry,"""walkway in dover""",Phrase
PHAORA - Masonry - MetroWest,Dover - Masonry,"""retaining wall dover ma""",Phrase
PHAORA - Masonry - MetroWest,Dover - Masonry,"""retaining wall in dover""",Phrase
PHAORA - Masonry - MetroWest,Dover - Masonry,"""stone veneer dover ma""",Phrase
PHAORA - Masonry - MetroWest,Dover - Masonry,"""stone veneer in dover""",Phrase
PHAORA - Masonry - MetroWest,Dover - Masonry,"""stone steps dover ma""",Phrase
PHAORA - Masonry - MetroWest,Dover - Masonry,"""stone steps in dover""",Phrase
PHAORA - Masonry - MetroWest,Dover - Masonry,"""chimney repair dover ma""",Phrase
PHAORA - Masonry - MetroWest,Dover - Masonry,"""chimney repair in dover""",Phrase
PHAORA - Masonry - MetroWest,Dover - Masonry,"""hardscaping dover ma""",Phrase
PHAORA - Masonry - MetroWest,Dover - Masonry,"""hardscaping in dover""",Phrase
PHAORA - Masonry - MetroWest,Dover - Masonry,[dover ma masonry contractor],Exact
PHAORA - Masonry - MetroWest,Dover - Masonry,[masonry contractor dover ma],Exact
PHAORA - Masonry - MetroWest,Sherborn - Masonry,"""masonry sherborn ma""",Phrase
PHAORA - Masonry - MetroWest,Sherborn - Masonry,"""masonry in sherborn""",Phrase
PHAORA - Masonry - MetroWest,Sherborn - Masonry,"""mason sherborn ma""",Phrase
PHAORA - Masonry - MetroWest,Sherborn - Masonry,"""mason in sherborn""",Phrase
PHAORA - Masonry - MetroWest,Sherborn - Masonry,"""masonry contractor sherborn ma""",Phrase
PHAORA - Masonry - MetroWest,Sherborn - Masonry,"""masonry contractor in sherborn""",Phrase
PHAORA - Masonry - MetroWest,Sherborn - Masonry,"""stone mason sherborn ma""",Phrase
PHAORA - Masonry - MetroWest,Sherborn - Masonry,"""stone mason in sherborn""",Phrase
PHAORA - Masonry - MetroWest,Sherborn - Masonry,"""patio builder sherborn ma""",Phrase
PHAORA - Masonry - MetroWest,Sherborn - Masonry,"""patio builder in sherborn""",Phrase
PHAORA - Masonry - MetroWest,Sherborn - Masonry,"""paver patio sherborn ma""",Phrase
PHAORA - Masonry - MetroWest,Sherborn - Masonry,"""paver patio in sherborn""",Phrase
PHAORA - Masonry - MetroWest,Sherborn - Masonry,"""walkway sherborn ma""",Phrase
PHAORA - Masonry - MetroWest,Sherborn - Masonry,"""walkway in sherborn""",Phrase
PHAORA - Masonry - MetroWest,Sherborn - Masonry,"""retaining wall sherborn ma""",Phrase
PHAORA - Masonry - MetroWest,Sherborn - Masonry,"""retaining wall in sherborn""",Phrase
PHAORA - Masonry - MetroWest,Sherborn - Masonry,"""stone veneer sherborn ma""",Phrase
PHAORA - Masonry - MetroWest,Sherborn - Masonry,"""stone veneer in sherborn""",Phrase
PHAORA - Masonry - MetroWest,Sherborn - Masonry,"""stone steps sherborn ma""",Phrase
PHAORA - Masonry - MetroWest,Sherborn - Masonry,"""stone steps in sherborn""",Phrase
PHAORA - Masonry - MetroWest,Sherborn - Masonry,"""chimney repair sherborn ma""",Phrase
PHAORA - Masonry - MetroWest,Sherborn - Masonry,"""chimney repair in sherborn""",Phrase
PHAORA - Masonry - MetroWest,Sherborn - Masonry,"""hardscaping sherborn ma""",Phrase
PHAORA - Masonry - MetroWest,Sherborn - Masonry,"""hardscaping in sherborn""",Phrase
PHAORA - Masonry - MetroWest,Sherborn - Masonry,[sherborn ma masonry contractor],Exact
PHAORA - Masonry - MetroWest,Sherborn - Masonry,[masonry contractor sherborn ma],Exact
PHAORA - Masonry - MetroWest,Carlisle - Masonry,"""masonry carlisle ma""",Phrase
PHAORA - Masonry - MetroWest,Carlisle - Masonry,"""masonry in carlisle""",Phrase
PHAORA - Masonry - MetroWest,Carlisle - Masonry,"""mason carlisle ma""",Phrase
PHAORA - Masonry - MetroWest,Carlisle - Masonry,"""mason in carlisle""",Phrase
PHAORA - Masonry - MetroWest,Carlisle - Masonry,"""masonry contractor carlisle ma""",Phrase
PHAORA - Masonry - MetroWest,Carlisle - Masonry,"""masonry contractor in carlisle""",Phrase
PHAORA - Masonry - MetroWest,Carlisle - Masonry,"""stone mason carlisle ma""",Phrase
PHAORA - Masonry - MetroWest,Carlisle - Masonry,"""stone mason in carlisle""",Phrase
PHAORA - Masonry - MetroWest,Carlisle - Masonry,"""patio builder carlisle ma""",Phrase
PHAORA - Masonry - MetroWest,Carlisle - Masonry,"""patio builder in carlisle""",Phrase
PHAORA - Masonry - MetroWest,Carlisle - Masonry,"""paver patio carlisle ma""",Phrase
PHAORA - Masonry - MetroWest,Carlisle - Masonry,"""paver patio in carlisle""",Phrase
PHAORA - Masonry - MetroWest,Carlisle - Masonry,"""walkway carlisle ma""",Phrase
PHAORA - Masonry - MetroWest,Carlisle - Masonry,"""walkway in carlisle""",Phrase
PHAORA - Masonry - MetroWest,Carlisle - Masonry,"""retaining wall carlisle ma""",Phrase
PHAORA - Masonry - MetroWest,Carlisle - Masonry,"""retaining wall in carlisle""",Phrase
PHAORA - Masonry - MetroWest,Carlisle - Masonry,"""stone veneer carlisle ma""",Phrase
PHAORA - Masonry - MetroWest,Carlisle - Masonry,"""stone veneer in carlisle""",Phrase
PHAORA - Masonry - MetroWest,Carlisle - Masonry,"""stone steps carlisle ma""",Phrase
PHAORA - Masonry - MetroWest,Carlisle - Masonry,"""stone steps in carlisle""",Phrase
PHAORA - Masonry - MetroWest,Carlisle - Masonry,"""chimney repair carlisle ma""",Phrase
PHAORA - Masonry - MetroWest,Carlisle - Masonry,"""chimney repair in carlisle""",Phrase
PHAORA - Masonry - MetroWest,Carlisle - Masonry,"""hardscaping carlisle ma""",Phrase
PHAORA - Masonry - MetroWest,Carlisle - Masonry,"""hardscaping in carlisle""",Phrase
PHAORA - Masonry - MetroWest,Carlisle - Masonry,[carlisle ma masonry contractor],Exact
PHAORA - Masonry - MetroWest,Carlisle - Masonry,[masonry contractor carlisle ma],Exact
PHAORA - Masonry - MetroWest,Southborough - Masonry,"""masonry southborough ma""",Phrase
PHAORA - Masonry - MetroWest,Southborough - Masonry,"""masonry in southborough""",Phrase
PHAORA - Masonry - MetroWest,Southborough - Masonry,"""mason southborough ma""",Phrase
PHAORA - Masonry - MetroWest,Southborough - Masonry,"""mason in southborough""",Phrase
PHAORA - Masonry - MetroWest,Southborough - Masonry,"""masonry contractor southborough ma""",Phrase
PHAORA - Masonry - MetroWest,Southborough - Masonry,"""masonry contractor in southborough""",Phrase
PHAORA - Masonry - MetroWest,Southborough - Masonry,"""stone mason southborough ma""",Phrase
PHAORA - Masonry - MetroWest,Southborough - Masonry,"""stone mason in southborough""",Phrase
PHAORA - Masonry - MetroWest,Southborough - Masonry,"""patio builder southborough ma""",Phrase
PHAORA - Masonry - MetroWest,Southborough - Masonry,"""patio builder in southborough""",Phrase
PHAORA - Masonry - MetroWest,Southborough - Masonry,"""paver patio southborough ma""",Phrase
PHAORA - Masonry - MetroWest,Southborough - Masonry,"""paver patio in southborough""",Phrase
PHAORA - Masonry - MetroWest,Southborough - Masonry,"""walkway southborough ma""",Phrase
PHAORA - Masonry - MetroWest,Southborough - Masonry,"""walkway in southborough""",Phrase
PHAORA - Masonry - MetroWest,Southborough - Masonry,"""retaining wall southborough ma""",Phrase
PHAORA - Masonry - MetroWest,Southborough - Masonry,"""retaining wall in southborough""",Phrase
PHAORA - Masonry - MetroWest,Southborough - Masonry,"""stone veneer southborough ma""",Phrase
PHAORA - Masonry - MetroWest,Southborough - Masonry,"""stone veneer in southborough""",Phrase
PHAORA - Masonry - MetroWest,Southborough - Masonry,"""stone steps southborough ma""",Phrase
PHAORA - Masonry - MetroWest,Southborough - Masonry,"""stone steps in southborough""",Phrase
PHAORA - Masonry - MetroWest,Southborough - Masonry,"""chimney repair southborough ma""",Phrase
PHAORA - Masonry - MetroWest,Southborough - Masonry,"""chimney repair in southborough""",Phrase
PHAORA - Masonry - MetroWest,Southborough - Masonry,"""hardscaping southborough ma""",Phrase
PHAORA - Masonry - MetroWest,Southborough - Masonry,"""hardscaping in southborough""",Phrase
PHAORA - Masonry - MetroWest,Southborough - Masonry,[southborough ma masonry contractor],Exact
PHAORA - Masonry - MetroWest,Southborough - Masonry,[masonry contractor southborough ma],Exact
PHAORA - Masonry - MetroWest,Hopkinton - Masonry,"""masonry hopkinton ma""",Phrase
PHAORA - Masonry - MetroWest,Hopkinton - Masonry,"""masonry in hopkinton""",Phrase
PHAORA - Masonry - MetroWest,Hopkinton - Masonry,"""mason hopkinton ma""",Phrase
PHAORA - Masonry - MetroWest,Hopkinton - Masonry,"""mason in hopkinton""",Phrase
PHAORA - Masonry - MetroWest,Hopkinton - Masonry,"""masonry contractor hopkinton ma""",Phrase
PHAORA - Masonry - MetroWest,Hopkinton - Masonry,"""masonry contractor in hopkinton""",Phrase
PHAORA - Masonry - MetroWest,Hopkinton - Masonry,"""stone mason hopkinton ma""",Phrase
PHAORA - Masonry - MetroWest,Hopkinton - Masonry,"""stone mason in hopkinton""",Phrase
PHAORA - Masonry - MetroWest,Hopkinton - Masonry,"""patio builder hopkinton ma""",Phrase
PHAORA - Masonry - MetroWest,Hopkinton - Masonry,"""patio builder in hopkinton""",Phrase
PHAORA - Masonry - MetroWest,Hopkinton - Masonry,"""paver patio hopkinton ma""",Phrase
PHAORA - Masonry - MetroWest,Hopkinton - Masonry,"""paver patio in hopkinton""",Phrase
PHAORA - Masonry - MetroWest,Hopkinton - Masonry,"""walkway hopkinton ma""",Phrase
PHAORA - Masonry - MetroWest,Hopkinton - Masonry,"""walkway in hopkinton""",Phrase
PHAORA - Masonry - MetroWest,Hopkinton - Masonry,"""retaining wall hopkinton ma""",Phrase
PHAORA - Masonry - MetroWest,Hopkinton - Masonry,"""retaining wall in hopkinton""",Phrase
PHAORA - Masonry - MetroWest,Hopkinton - Masonry,"""stone veneer hopkinton ma""",Phrase
PHAORA - Masonry - MetroWest,Hopkinton - Masonry,"""stone veneer in hopkinton""",Phrase
PHAORA - Masonry - MetroWest,Hopkinton - Masonry,"""stone steps hopkinton ma""",Phrase
PHAORA - Masonry - MetroWest,Hopkinton - Masonry,"""stone steps in hopkinton""",Phrase
PHAORA - Masonry - MetroWest,Hopkinton - Masonry,"""chimney repair hopkinton ma""",Phrase
PHAORA - Masonry - MetroWest,Hopkinton - Masonry,"""chimney repair in hopkinton""",Phrase
PHAORA - Masonry - MetroWest,Hopkinton - Masonry,"""hardscaping hopkinton ma""",Phrase
PHAORA - Masonry - MetroWest,Hopkinton - Masonry,"""hardscaping in hopkinton""",Phrase
PHAORA - Masonry - MetroWest,Hopkinton - Masonry,[hopkinton ma masonry contractor],Exact
PHAORA - Masonry - MetroWest,Hopkinton - Masonry,[masonry contractor hopkinton ma],Exact
